{
  "location": {
    "precision": 0.8421052631578947,
    "recall": 0.6274509803921569,
    "f1-score": 0.7191011235955056,
    "support": 51
  },
  "name": {
    "precision": 0.9310344827586207,
    "recall": 0.8181818181818182,
    "f1-score": 0.8709677419354839,
    "support": 33
  },
  "micro avg": {
    "precision": 0.8805970149253731,
    "recall": 0.7023809523809523,
    "f1-score": 0.7814569536423842,
    "support": 84
  },
  "macro avg": {
    "precision": 0.8865698729582576,
    "recall": 0.7228163992869876,
    "f1-score": 0.7950344327654948,
    "support": 84
  },
  "weighted avg": {
    "precision": 0.8770417422867512,
    "recall": 0.7023809523809523,
    "f1-score": 0.7787630093719257,
    "support": 84
  }
}